{"mse": 0.7917483916299114, "rmse": 0.8898024452820477, "r2": 0.20894489507407588, "mae": 0.6864615250070308}